image,label,item-count,item-key
https://firebasestorage.googleapis.com/v0/b/playingcardsio.appspot.com/o/71850ca9-ab75-4e7f-ab09-6b5380471243.png?alt=media&token=5429d8d5-f3a7-495c-a2b0-6c5c8009f482,Bola de fogo,0,type-0ab0d1a3-2a02-4ff3-8457-367835d12911
https://firebasestorage.googleapis.com/v0/b/playingcardsio.appspot.com/o/3f4d0689-4df9-4314-8430-c31a7f7afca1.png?alt=media&token=47a2ce72-48a9-4f15-a125-fa27bf0c661b,Torna de fogo,0,type-29859974-8013-47c3-92af-148ca09b139b
https://firebasestorage.googleapis.com/v0/b/playingcardsio.appspot.com/o/69f43199-0438-4924-8477-124612ada2f7.png?alt=media&token=86f8b146-9886-4917-bbba-cba6b0232492,Barreira Ígnea,0,type-d8dbcf26-6764-446b-9a76-823320b8eb5e
https://firebasestorage.googleapis.com/v0/b/playingcardsio.appspot.com/o/f232e62f-9a66-4ceb-bb23-3f31081f48a1.png?alt=media&token=5d020df7-9a2e-4f5f-8cb5-9a4aee6b8036,Bola de luz,0,type-4cbb5e0e-247b-42ce-a40a-6e2ea55dc6fd
https://firebasestorage.googleapis.com/v0/b/playingcardsio.appspot.com/o/ff249658-6e76-4c74-bc77-0dbb03badca5.png?alt=media&token=1a3112ae-4d7e-47b1-a6cd-5b7faa4c9613,Globo de luz,0,type-19c2fc0a-f35b-4284-adeb-ee38f6e284c9
https://firebasestorage.googleapis.com/v0/b/playingcardsio.appspot.com/o/51647dfb-6ec9-482b-919e-5462bb647f39.png?alt=media&token=c5c51474-926f-48a4-a817-95fb900678b1,Reerguer da Fúria,0,type-14278c0f-049e-45d7-8b86-cb7bcc297d4a
https://firebasestorage.googleapis.com/v0/b/playingcardsio.appspot.com/o/7fbf0060-8885-40d8-b600-4329016e1e39.png?alt=media&token=5fe1fb81-0bd8-4b39-af3d-26029a14f6b3,Lança Chamas,0,type-59451a67-8208-401b-a54b-eca0049158e4
https://firebasestorage.googleapis.com/v0/b/playingcardsio.appspot.com/o/51814d48-23e8-4bb8-8fdc-0faf28f04458.png?alt=media&token=800886da-a81e-4b7d-9b5b-f9e9f74c5db7,Asas Incandescentes,0,type-201d5662-834c-4baa-bb27-abb9762b5f7e
https://firebasestorage.googleapis.com/v0/b/playingcardsio.appspot.com/o/f7feb3b5-9734-4c84-9ec5-0a8f43548907.png?alt=media&token=90f6e59d-a7d3-4d12-bbc0-26110bb56df7,Cauterizar,0,type-6cbd359f-bea6-4dc3-83b5-322073c83733
https://firebasestorage.googleapis.com/v0/b/playingcardsio.appspot.com/o/2af8a04d-b111-481a-abd4-03746b2d9980.png?alt=media&token=69d66e0e-f98c-494c-a805-f00f2d235070,Jato da água,0,type-03a53d5f-2270-4971-9861-04e5c0d12cdf
https://firebasestorage.googleapis.com/v0/b/playingcardsio.appspot.com/o/dbb7f75d-a9d5-4c4e-ac86-9ad3cf2e042c.png?alt=media&token=e8e119ca-ab55-45d5-9ad5-7d67e775f72c,Congelar,0,type-e314cd07-169d-42a1-9013-b3956a45aa61
https://firebasestorage.googleapis.com/v0/b/playingcardsio.appspot.com/o/6dbd8bc6-1746-491e-9592-079be3a31a9c.png?alt=media&token=23fc1195-c087-409d-85b4-546c420863fa,Reerguer da Tristeza,0,type-d06e08c9-e9b3-41ab-a2cc-e0cf6b18c25d
https://firebasestorage.googleapis.com/v0/b/playingcardsio.appspot.com/o/891d3701-b947-40a3-aaf8-dcd5765f9f69.png?alt=media&token=b5fec5a8-21e9-4ae3-b322-82fbc5fd1ed5,Splash,0,type-62a07de5-eb4f-4492-9b22-346e3375b3bb
https://firebasestorage.googleapis.com/v0/b/playingcardsio.appspot.com/o/cd69819d-9904-47e3-a8fc-c5145c284110.png?alt=media&token=a76c9d05-1629-495c-b5d3-c9b1fe0b1e01,Prisão de água,0,type-d9c77b8f-6317-4aa8-820e-ce50820ff779
https://firebasestorage.googleapis.com/v0/b/playingcardsio.appspot.com/o/fd1445fa-04ee-41ef-8171-bfe6d4c30950.png?alt=media&token=d73ce157-d6a5-4488-9b70-52174e40fe59,Chuva Acida,0,type-91a98665-059e-4246-95e5-1795f40b1c91
https://firebasestorage.googleapis.com/v0/b/playingcardsio.appspot.com/o/19a8b235-8b74-4d45-bbae-d6623955d14c.png?alt=media&token=ab93a6e8-080f-495f-a99d-be93a647a4ee,Nevoeiro Denso,0,type-9d4de415-4b59-4fe6-9ce3-975c430b6f3f
https://firebasestorage.googleapis.com/v0/b/playingcardsio.appspot.com/o/05b9f375-be08-4fea-ad0b-c62ae87ad34a.png?alt=media&token=b4394716-738c-4df4-a244-412f0e68e91c,Água Curativa,0,type-8dbaef4c-f4e2-4180-9e31-77a083bb9c14
https://firebasestorage.googleapis.com/v0/b/playingcardsio.appspot.com/o/0aaa3419-13b4-4287-b776-0542b2cb8e87.png?alt=media&token=880bddd4-a70f-42f4-a822-f177ddf99858,Tsunami,0,type-d60f38e9-87a7-4720-ba6c-d63020afa5e2
https://firebasestorage.googleapis.com/v0/b/playingcardsio.appspot.com/o/8fa4a1fc-8d6e-48d7-8ed3-e75424a314e5.png?alt=media&token=76175b5f-56e5-4840-82c7-4969d2f983b6,Ataque de Pedregulhos,0,type-1b4773bc-041f-480b-83f0-f7f6039e4e19
https://firebasestorage.googleapis.com/v0/b/playingcardsio.appspot.com/o/e1bd1dcb-0fba-4864-b2f4-e6660c9ed79e.png?alt=media&token=660b82fa-ff16-439c-bf61-c76c55537183,Bola de Demolição,0,type-521baaf5-e8aa-44f6-a58e-aa653a1f8639
https://firebasestorage.googleapis.com/v0/b/playingcardsio.appspot.com/o/1e5c228c-063d-402d-b10b-69299d7b04d3.png?alt=media&token=8735c3c7-e29a-44a9-a1c0-ed5a11f01e64,Terremoto,0,type-9c9a4af2-24a0-448d-b889-6ee73d4ae6af
https://firebasestorage.googleapis.com/v0/b/playingcardsio.appspot.com/o/af90109c-8e78-4ed6-9aeb-fc397881045a.png?alt=media&token=fce5f313-b28a-405c-98f2-18ab39e98462,Reerguer do Orgulho,0,type-16fc2845-7e45-4ee0-a2d8-0d81c28d2deb
https://firebasestorage.googleapis.com/v0/b/playingcardsio.appspot.com/o/13c0caab-7d84-41fe-8164-a93e529d941a.png?alt=media&token=841a73f9-249b-441a-8a65-32a25bdffd81,Polinizar,0,type-ad572155-fbfa-4100-89f8-b4788311b6a9
https://firebasestorage.googleapis.com/v0/b/playingcardsio.appspot.com/o/39cc40e7-2f72-40de-8832-0141c5554b72.png?alt=media&token=b315b76f-7ef9-4646-bdf5-d1dd878e78a6,Muro de vinhas,0,type-eacd3a20-38ef-4757-b955-65d2270909e9
https://firebasestorage.googleapis.com/v0/b/playingcardsio.appspot.com/o/26c9fb89-dc01-45f6-b881-733f1b1486d5.png?alt=media&token=24729ea5-198a-4418-aebe-8f6d248c6c1f,Tiro de Lama,0,type-9f8234d1-9181-4692-9dff-318d14a2d0cf
https://firebasestorage.googleapis.com/v0/b/playingcardsio.appspot.com/o/62011966-43f8-4f64-a9c7-a7cf8168d262.png?alt=media&token=44efc5a1-963b-4c5a-8115-564c3a426b51,Soco de Pedra.png,0,type-93f98563-0bbb-4405-88a6-dded90a18e0f
https://firebasestorage.googleapis.com/v0/b/playingcardsio.appspot.com/o/d6ff5f25-1d2a-464d-b127-aa9cf8f0f3ac.png?alt=media&token=928ac518-2353-4c36-975d-f331a656a30a,Esfera de Vórtice,0,type-1a721194-4138-4d4f-87c3-e6992d5795b3
https://firebasestorage.googleapis.com/v0/b/playingcardsio.appspot.com/o/b746294c-f885-4a3c-a9c3-0e6174c8d1e4.png?alt=media&token=c3b4da3b-0b52-47db-85c6-1b7adcd7bc61,Furacão,0,type-3d869389-a65c-4426-8997-6db2a5f187b6
https://firebasestorage.googleapis.com/v0/b/playingcardsio.appspot.com/o/231facc6-0c84-4a63-af59-4282263c3f31.png?alt=media&token=2a8fddce-8c2a-4f2f-8670-be9f758ebaac,Tufão,0,type-cb253e3b-d6d5-41aa-8077-e52d25a01bcc
https://firebasestorage.googleapis.com/v0/b/playingcardsio.appspot.com/o/314edda2-b3c0-48cc-9535-048924c95136.png?alt=media&token=8ddab310-2603-4520-bdd7-76bfc2510552,Lâmina de Vento,0,type-9e1991e0-f1d6-4b94-a010-6e0165a761ee
https://firebasestorage.googleapis.com/v0/b/playingcardsio.appspot.com/o/46d0d888-c95d-4078-b045-5f40362ad4d4.png?alt=media&token=7490c43c-3cb7-4e29-b688-14fdac71d291,Furacão de Areia,0,type-9aeb2c36-e17a-4142-98d7-b8adffc28927
https://firebasestorage.googleapis.com/v0/b/playingcardsio.appspot.com/o/9c89cb35-b6a3-49f9-88c3-1df46eb03131.png?alt=media&token=bedb6eef-718f-46d9-93f9-8bb5df1d72bc,Reerguer de Impaciência,0,type-351eac6d-3b4b-4d34-b2df-6e611104976a
https://firebasestorage.googleapis.com/v0/b/playingcardsio.appspot.com/o/6b90810e-36da-4ece-8b02-d264460843de.png?alt=media&token=1da7d3e5-2285-4499-a5f9-0b839ed71348,Sifão de Mana,0,type-8cb33b98-1c99-4c32-a2c7-590e4732b1b5
https://firebasestorage.googleapis.com/v0/b/playingcardsio.appspot.com/o/9879add9-f610-43df-9034-c41404fb1c9d.png?alt=media&token=a3ba8d67-9b35-4d81-b6db-cd183e7ac4c4,Lágrima de Zarcos,0,type-85adca92-4a5d-4099-a6eb-af48574eb56a
https://firebasestorage.googleapis.com/v0/b/playingcardsio.appspot.com/o/3397c877-72e0-4f6d-9b04-9ed13158f6b9.png?alt=media&token=b395fa4f-bb5a-4939-8175-7b7af7fbfa96,Raiz Roxa.,0,type-0ab7a03e-2fb3-4b91-bb00-aa84a715fd00
https://firebasestorage.googleapis.com/v0/b/playingcardsio.appspot.com/o/69d7f6f9-ec6c-452f-8fe5-64571cc080cd.png?alt=media&token=561d92be-c46c-4dd6-b9e1-35d483efdb2d,Fluxo Forte.,0,type-43da7619-92bd-497a-a804-3794e59c33a8
https://firebasestorage.googleapis.com/v0/b/playingcardsio.appspot.com/o/ed93946c-fa16-4249-bc66-856b6b10037e.png?alt=media&token=0f6076f8-4974-4d32-a7f6-3470030b4857,Cristal Kin - Azul,0,type-5f5be9c5-cf21-4521-b8b1-ae17ddb00bef
https://firebasestorage.googleapis.com/v0/b/playingcardsio.appspot.com/o/fc29c590-671e-43bb-9ade-5d2c690fc778.png?alt=media&token=cde35b15-fed2-435b-9bb5-d2b02a7a9674,Cristal Kin - Rosa,0,type-ff6b82ab-1e3e-461b-843a-4d7bdf032f7a
https://firebasestorage.googleapis.com/v0/b/playingcardsio.appspot.com/o/e8683818-fe0a-4ded-8f38-c52132e65eec.png?alt=media&token=694589ce-1f2e-4b86-ae00-9af13ab9c62c,Pulso de Mana,0,type-d11004b4-b804-413d-b449-1515214d334c
https://firebasestorage.googleapis.com/v0/b/playingcardsio.appspot.com/o/79fc1fe5-1cd9-4044-a9cd-20e3eadbcf75.png?alt=media&token=a7683617-f2c9-469d-bb64-2d65c8fe32a0,Amplificar,0,type-5d5fd19f-9bc2-4f09-9a10-83d157390b0e
https://firebasestorage.googleapis.com/v0/b/playingcardsio.appspot.com/o/975840d6-acd9-40fc-a850-c86b551366bd.png?alt=media&token=f469fda5-0bae-4b92-a50c-e102e6cc9997,Chuva de Flechas,0,type-8ae7fc26-58e7-4b4f-8a07-e0855b7a13b3
https://firebasestorage.googleapis.com/v0/b/playingcardsio.appspot.com/o/2fc934a9-fa5c-4961-bb87-b5ba28ca2b93.png?alt=media&token=d2befecd-d16e-49f4-a489-870636cb2dcb,Escudo de Proteção,0,type-a77066a4-b101-43e3-8c8d-d6a444681215
https://firebasestorage.googleapis.com/v0/b/playingcardsio.appspot.com/o/254eec4f-0fdf-47d0-a12a-1673357a7178.png?alt=media&token=6a853365-0aa4-4001-b540-46912247c589,Tremor,0,type-18ed8d96-4c92-4152-9106-1db65a2fbec1
https://firebasestorage.googleapis.com/v0/b/playingcardsio.appspot.com/o/9510fb2d-c39b-434d-901d-ed8646e92d41.png?alt=media&token=35b4dcbe-b34c-4e59-8509-da7b4eddece5,Chuva de Meteoros,0,type-13fafae9-09d2-4557-b634-8cc16ee95135
https://firebasestorage.googleapis.com/v0/b/playingcardsio.appspot.com/o/d3020588-2f27-402f-93df-36e722fde22b.png?alt=media&token=9809e318-4b35-4485-800d-08c645be3450,Raio de luz,0,type-088f57bc-a968-4903-b553-4648be8aa889
https://firebasestorage.googleapis.com/v0/b/playingcardsio.appspot.com/o/5afc8c04-d2ed-47bb-a094-0d0454057cfc.png?alt=media&token=042c546e-eb11-45a8-8d99-e555fb1cf901,Olho da Verdaed,0,type-633911ba-9813-49fb-b1a9-690704f4544d
https://firebasestorage.googleapis.com/v0/b/playingcardsio.appspot.com/o/07d54f1c-1a8d-4df9-ba2c-46f344b7f1e2.png?alt=media&token=69535223-6160-4b99-86a9-1103a7b70951,Nome Sagrado,0,type-c5f070b5-78a7-41e3-b3c3-0761bdaf2cc2
https://firebasestorage.googleapis.com/v0/b/playingcardsio.appspot.com/o/d2a22198-e8a0-4aba-a32b-fbadd7031ff6.png?alt=media&token=6d2a1524-7436-490a-9bed-1fb5efd2c098,Nome Profano,0,type-9cf52f22-c13d-44da-987a-b4ebd149357d
https://firebasestorage.googleapis.com/v0/b/playingcardsio.appspot.com/o/9cb055f5-2200-426e-9e6e-41800cb93078.png?alt=media&token=016c946c-f3b9-411c-a15a-2c2a85346907,Encantar Armamento,0,type-c7ab2884-fb18-4c1f-80f7-25fdabad23fd
https://firebasestorage.googleapis.com/v0/b/playingcardsio.appspot.com/o/30ff682b-8927-4e1c-895c-a8a72d8acee6.png?alt=media&token=4379a495-7405-4a05-8807-ed78226c16c0,Círculo de Invocação,0,type-5e50b833-3a45-4ae3-a476-71df12e3d47b
https://firebasestorage.googleapis.com/v0/b/playingcardsio.appspot.com/o/019e5e1b-6e07-4ebe-9e23-4b68d3afae9c.png?alt=media&token=b4c11bf3-c419-406e-859d-839cd641d8ad,Cheiro de Sangue,0,type-d289849d-a648-4d20-a31c-39639dc2792e
https://firebasestorage.googleapis.com/v0/b/playingcardsio.appspot.com/o/55fb2fcc-5cb6-484c-9be4-65075155b171.png?alt=media&token=4653dad8-c64d-4788-b613-060e7d51c702,Picada de Cobra,0,type-0e16be07-4e29-4ce7-a278-505fddfffef0
https://firebasestorage.googleapis.com/v0/b/playingcardsio.appspot.com/o/c9b62060-9409-414f-b784-e3b96afef989.png?alt=media&token=ff5743eb-b4e3-4fd8-908d-26c7424b946f,Banir armamento,0,type-65c090dd-4a9d-44fc-9555-f05bb1b9941c
https://firebasestorage.googleapis.com/v0/b/playingcardsio.appspot.com/o/6190ef04-bc51-4cc4-b21f-4261b9b5eb51.png?alt=media&token=d09a1103-89f6-4e4c-9eac-4ca1d8c12f4a,Chamar Armamento,0,type-636c08fc-d8c5-4a68-9377-c25cd8469524
https://firebasestorage.googleapis.com/v0/b/playingcardsio.appspot.com/o/d603b868-8d97-4973-acc7-579f39618827.png?alt=media&token=b4437cc1-56fc-4bb0-827b-0cc933875806,Encanto da Traição,0,type-4a4a90c3-5b80-4f43-b7c8-fa770f9a7c47
https://firebasestorage.googleapis.com/v0/b/playingcardsio.appspot.com/o/26aa560b-85d0-4bfb-aea3-46489c5ba79d.png?alt=media&token=12d355be-36a7-4b0b-890a-f8f9a9e09fa9,Falar com Mortos,0,type-d8db74b9-80ba-4217-850f-91df63a10351
https://firebasestorage.googleapis.com/v0/b/playingcardsio.appspot.com/o/15f204fa-a9b7-4702-bb1b-41569c61b368.png?alt=media&token=41c32b37-8147-4fc8-a221-ec13b2b80d09,Cura de Sangue,0,type-a5528941-a01f-45ab-94ab-7265fe9ea689
https://firebasestorage.googleapis.com/v0/b/playingcardsio.appspot.com/o/a36805a1-ebf6-4b7f-b49c-51390b6ce439.png?alt=media&token=d10f518e-0951-42d3-b032-e5570a26f18d,Cegueira dos Caídos,0,type-ded1becb-dd2e-4502-8088-f2164339872d
https://firebasestorage.googleapis.com/v0/b/playingcardsio.appspot.com/o/3132b3ee-e6b1-4dfb-82f3-304a869a5fec.png?alt=media&token=4dd92600-7e2d-4dd7-ab46-602c5535f783,Reviver Tropa,0,type-cc393aa4-3a3b-4bc7-80d0-67a52bdaddec
https://firebasestorage.googleapis.com/v0/b/playingcardsio.appspot.com/o/2c08de83-3b05-4918-b9d9-5f4e7154eb26.png?alt=media&token=e7b6e060-f6d8-484e-b60f-d3cc9440cd74,Mochila de Recursos,0,type-8bfa23dd-e393-4398-ab32-0b26d51f9103
https://firebasestorage.googleapis.com/v0/b/playingcardsio.appspot.com/o/0cc01748-ce29-4d79-abf9-3bbd79a5da39.png?alt=media&token=581bb724-c045-4d44-bd39-c5a6458aa841,Chamar Tropa,0,type-7c1ce8fa-e6f0-4834-bbd3-d0159756f474
https://firebasestorage.googleapis.com/v0/b/playingcardsio.appspot.com/o/8ac09248-fb8d-4730-aae7-00a0b21b0236.png?alt=media&token=a7477ff9-b6b2-4035-97d4-b2d7427508bd,Furtar,0,type-24e3dc73-f1ae-4d75-976d-2a4db5125b07
https://firebasestorage.googleapis.com/v0/b/playingcardsio.appspot.com/o/0565af9c-37da-441a-b9e1-3383cfc55013.png?alt=media&token=2922ea66-b43d-4f56-9946-ff3453d84a23,Toque de Cura,0,type-2826f001-1ade-4783-ba76-be50d67c4810
https://firebasestorage.googleapis.com/v0/b/playingcardsio.appspot.com/o/0dd6a46e-5da5-4e93-9540-df01df1b0153.png?alt=media&token=978b5522-cc13-4353-9940-adbe79c4fd2f,Antidoto,0,type-bf446391-5a24-43b2-a890-0df5573f1d34
https://firebasestorage.googleapis.com/v0/b/playingcardsio.appspot.com/o/132e4fa5-8b7c-4e71-bc67-22978b05cdcb.png?alt=media&token=8ffb13e0-d6f8-4ad1-ab76-ab404c70b655,Busca Elemental,0,type-67bcf500-1567-4137-8a4d-8190f4418ba3
https://firebasestorage.googleapis.com/v0/b/playingcardsio.appspot.com/o/70009fb4-9cbc-4bc5-8b41-13eb1441d1fc.png?alt=media&token=f78fbc3d-6329-478c-8b12-7a97db8aa8fb,Previsão,0,type-a11dd11e-4867-4155-a882-7c78d28e837c
https://firebasestorage.googleapis.com/v0/b/playingcardsio.appspot.com/o/3b48d164-4bb2-46d4-bce4-d16799214ff2.png?alt=media&token=87ca2faf-bf56-4c91-88a4-1978a8fcb92b,Recuar,0,type-98b9c6d5-3fb6-4f06-b0df-e9eaeac9bec0
https://firebasestorage.googleapis.com/v0/b/playingcardsio.appspot.com/o/3f6f874d-fb34-48fe-91dc-a9fca64da91b.png?alt=media&token=893a1bfe-edd2-4ffa-8da2-9095812966ed,Sacrifício,0,type-068afceb-b3ac-4e4a-a72d-05cffbedc0bc
https://firebasestorage.googleapis.com/v0/b/playingcardsio.appspot.com/o/cf475a62-0782-4be4-b580-f78f632383b5.png?alt=media&token=e9a2f944-40d0-4169-b0d8-a4afa4778aa0,Refletir,0,type-56043e8d-4cd6-478b-9986-3732df31408e
https://firebasestorage.googleapis.com/v0/b/playingcardsio.appspot.com/o/f188ec22-9249-44ee-94af-5b5017d20f4a.png?alt=media&token=22363fc7-b13f-4e4a-84bb-69287780489d,Armadilha de Urso,0,type-30fab4a1-e836-4de7-b82a-7b86a26db35b
https://firebasestorage.googleapis.com/v0/b/playingcardsio.appspot.com/o/3d4787ea-7f76-4ceb-9e0f-44668162399e.png?alt=media&token=9b787233-c79a-4ae3-8c09-89f6f5cb8a7a,Trazer dos Mortos,0,type-8b40a90f-5479-4b5c-bd6e-a80372199fe3
https://firebasestorage.googleapis.com/v0/b/playingcardsio.appspot.com/o/62802bb8-8f59-4b39-8924-c0d6bef76223.png?alt=media&token=3ca91694-8f91-4ff0-884a-47156ea1f296,Escavação,0,type-af310922-958e-4029-89b9-ade9ad181afd
https://firebasestorage.googleapis.com/v0/b/playingcardsio.appspot.com/o/0171fb74-b42f-4b96-8767-7633910e7d53.png?alt=media&token=8c3561dd-9360-4907-8ff0-9294948aff07,Visão Espectral,0,type-7fc01208-cb17-44bf-8d33-78746691be40
https://firebasestorage.googleapis.com/v0/b/playingcardsio.appspot.com/o/d821f9c0-fdbf-47b4-83d3-62aeafd78a8c.png?alt=media&token=fe92b8db-feaf-4205-8903-6fd476a8ed4d,Elevar Moral,0,type-a8b3a7e2-0d95-4ae7-a230-199153d85724
https://firebasestorage.googleapis.com/v0/b/playingcardsio.appspot.com/o/a82342ee-7ead-428d-9317-e358933e9667.png?alt=media&token=d0f6617e-382e-412c-bdfd-414b044febcc,Provocar,0,type-350cc5b5-40ae-4615-ba75-eebe4f6a8f3d
https://firebasestorage.googleapis.com/v0/b/playingcardsio.appspot.com/o/962d1615-e781-4884-bfdd-3fac7914a68b.png?alt=media&token=296f780e-56d4-410f-ad84-56941ccdb207,Pacto,0,type-63c8eea5-dd26-4a6a-bf4e-92ea215158a2
https://firebasestorage.googleapis.com/v0/b/playingcardsio.appspot.com/o/133b5b81-cee9-4829-8823-a46b62211e42.png?alt=media&token=6251400e-bf24-4464-800a-ba3d9998b08d,Ataque de Canivetes,0,type-31011661-0eeb-4d82-883a-816846e273a2
https://firebasestorage.googleapis.com/v0/b/playingcardsio.appspot.com/o/275f5e83-f9c1-4684-ac7f-cd5595d68842.png?alt=media&token=f9e11704-83a2-4016-8391-6ba182a02413,Chamar Gangue,0,type-0969bdf8-526b-4418-ae9c-a615afa3a041
https://firebasestorage.googleapis.com/v0/b/playingcardsio.appspot.com/o/7224cc66-a4aa-4835-8ab1-8647d03a232c.png?alt=media&token=fa164658-303f-4284-96c0-504084148063,Peste Negra,0,type-60b2b99d-f0eb-4bd8-a78d-497ac1d4e2c5
https://firebasestorage.googleapis.com/v0/b/playingcardsio.appspot.com/o/4ecab883-bfb7-4ba9-8604-92c4a548a0e5.png?alt=media&token=59184b65-7466-408c-a6a1-a5a9c417646e,Peste Negra - efeito,0,type-a9258ae3-b73a-438f-ae83-8a11e9d71087
https://firebasestorage.googleapis.com/v0/b/playingcardsio.appspot.com/o/5b4caf1f-300f-4b44-b069-04935a535b9b.png?alt=media&token=bd62e0ce-f6eb-48ad-9b29-aaa769df8d2a,Leptospirose,0,type-5e634f26-8f4b-473a-b7a4-20e899487df8
https://firebasestorage.googleapis.com/v0/b/playingcardsio.appspot.com/o/51b13bed-8e1f-4282-b895-0c5b623f4364.png?alt=media&token=1b988a5b-a9d4-46b2-b9a5-afd074a0c266,Plantar Arma,0,type-2eef87f3-3a4b-48f0-97f1-63d9f6e3b482
https://firebasestorage.googleapis.com/v0/b/playingcardsio.appspot.com/o/73c46433-6659-45b1-ac1f-010c44e10037.png?alt=media&token=9e0eec7a-3265-4f1a-8b67-5ae437fd3b2c,Maldição da Escolha,0,type-0e82db86-82fb-482d-acf7-0de6453d1304
https://firebasestorage.googleapis.com/v0/b/playingcardsio.appspot.com/o/4c472a4a-386a-4942-9be5-1ab952abde52.png?alt=media&token=e50050fb-0d8d-40c3-852c-9b22f81ba3e7,Maldição da Morte,0,type-c9f81c18-ff9d-48b2-813b-0329382cc988
https://firebasestorage.googleapis.com/v0/b/playingcardsio.appspot.com/o/42eb47b2-b75e-45b9-90a8-ca0c9c20990d.png?alt=media&token=53387919-01e3-4707-b23e-6c1be1119f0f,Amaldiçoar Arma,0,type-ac4ffdbd-d675-4759-b1d7-47af312438a5
https://firebasestorage.googleapis.com/v0/b/playingcardsio.appspot.com/o/9384c483-8fc7-4769-9021-b15fd3d53a48.png?alt=media&token=f338cde7-d921-4f47-9adc-67cc37a1e2e3,Maldição do Esquecimento,0,type-78d36fc9-646e-4ff7-9072-effc79c0fbe8
https://firebasestorage.googleapis.com/v0/b/playingcardsio.appspot.com/o/732dd4aa-40e7-4073-bfad-cd75aac327ad.png?alt=media&token=0c5e5bf7-f41d-482f-8bed-958f6633505f,Maldição da Destruição,0,type-dfb29670-8e5e-40cc-97ae-02384823c99f
https://firebasestorage.googleapis.com/v0/b/playingcardsio.appspot.com/o/ee20b043-5916-4693-8e10-9140ff338ab7.png?alt=media&token=23e7c5cc-d931-45db-a00b-4595723a827f,Maresia,0,type-39913b39-6ace-4d9a-8feb-09136002716e
https://firebasestorage.googleapis.com/v0/b/playingcardsio.appspot.com/o/19fb54ff-52fd-425d-ba38-56dc2f2d21b6.png?alt=media&token=adcabcb7-1ceb-47ca-9fbc-5d2eb23de27a,Torre,0,type-57c1e803-070e-4279-8954-929fee27f80a
https://firebasestorage.googleapis.com/v0/b/playingcardsio.appspot.com/o/8950eaa1-ddc6-4c7c-89da-f0118d223aef.png?alt=media&token=16231826-bc20-4eec-849d-b9fcca060ab3,Torreta,0,type-a6fc3afd-5455-4ada-8281-9a6a80183340
https://firebasestorage.googleapis.com/v0/b/playingcardsio.appspot.com/o/2c8ba53f-d692-45e3-94a3-8e365ae3ed66.png?alt=media&token=178499e1-6593-4c1d-b7db-7281841d17aa,Canhão,0,type-c0807594-aef6-4d3c-84c1-5ceff9230748
https://firebasestorage.googleapis.com/v0/b/playingcardsio.appspot.com/o/48ea3394-2f5c-4d94-820f-3d7423455db3.png?alt=media&token=b584905b-9446-4e3a-885c-fb9919d89d1f,Canhão de Mana Instável,0,type-a6e0afab-3e33-4132-a05b-939588fccea9
https://firebasestorage.googleapis.com/v0/b/playingcardsio.appspot.com/o/139a86a1-3545-45ce-b488-f07420b6628b.png?alt=media&token=7e22dffc-7212-4628-a3e4-f5cc53f0145f,Muro de Terra,0,type-f53d070d-6c07-44ef-b246-1c87ecab58d9
https://firebasestorage.googleapis.com/v0/b/playingcardsio.appspot.com/o/b41b51ec-c61c-4d28-8283-b7604d318c2f.png?alt=media&token=4f4d1a6a-0f00-4574-b862-1995d25aa560,Espada dos Mil Mortos,0,type-bf21f7aa-1a32-4842-be7f-82b6d91e328a
https://firebasestorage.googleapis.com/v0/b/playingcardsio.appspot.com/o/95e14e76-62ea-41cc-b05d-008e0aaa3855.png?alt=media&token=9a6a170d-44ff-4b9c-9c8a-ec6868ae7238,Arco Elemental,0,type-25d4cca1-fc7f-485f-8352-92998fc93664
https://firebasestorage.googleapis.com/v0/b/playingcardsio.appspot.com/o/27952659-f32e-46a4-bba5-31295ccfaee5.png?alt=media&token=9c68d49e-b22e-4576-a49a-b95b33141b1f,Pele de Luokis,0,type-619b7451-4a06-4b8b-b9fd-21ffbe0d26f6
https://firebasestorage.googleapis.com/v0/b/playingcardsio.appspot.com/o/e883977f-0403-4be3-a5ff-cc2133c04b62.png?alt=media&token=45e983f2-6037-4664-bb23-2fa6b1da8483,Machado,0,type-e61a6f1e-317e-46b8-bc51-24e010d4382a
https://firebasestorage.googleapis.com/v0/b/playingcardsio.appspot.com/o/b8ea186d-e9c0-410d-918d-d8584f286f3d.png?alt=media&token=ab9fc30e-78df-45de-a50d-8ed87f301456,Arco Elemental,0,type-d25082d4-c270-4eb1-aea5-7ec6d5143c9e
https://firebasestorage.googleapis.com/v0/b/playingcardsio.appspot.com/o/226d57d1-7885-46e1-a96f-41751cfea857.png?alt=media&token=db92ff68-70d2-4e11-be97-dc12573c1967,Faca de Brinquedo,0,type-2e3057ab-4129-422e-a821-6b7207e74a73
https://firebasestorage.googleapis.com/v0/b/playingcardsio.appspot.com/o/5ff984ba-2646-4aa1-8e8a-4eaeb45a6ac0.png?alt=media&token=5e141f69-9bf2-4fbf-b7a1-40db0de26b05,Assassino,0,type-7d4b85d5-c934-4ee1-bbbf-8e60aa7ad6f9
https://firebasestorage.googleapis.com/v0/b/playingcardsio.appspot.com/o/5fe734c0-3148-4a8a-bea0-9094fb1afb1b.png?alt=media&token=135acfe2-d745-403d-a436-0317f8c28c1c,Cavaleiro,0,type-4c72b6a6-d8aa-48f5-823c-54e20823fc53
https://firebasestorage.googleapis.com/v0/b/playingcardsio.appspot.com/o/7f1c817a-2bd6-4c1c-a59d-fb4d09cadddc.png?alt=media&token=36c63031-facd-4c9b-b543-a09d511308e9,Goblin,0,type-c9f66c60-c5e4-4c2c-bb17-13daec754927
https://firebasestorage.googleapis.com/v0/b/playingcardsio.appspot.com/o/29cfe74c-55ac-4e9f-932a-13412693f232.png?alt=media&token=191eae03-5885-443c-a8fe-fe5db1945c22,Guerreiro,0,type-7d12cbd6-52a6-4a79-8323-b4a67ade8fde
https://firebasestorage.googleapis.com/v0/b/playingcardsio.appspot.com/o/a3b66846-dcaf-4799-9468-9210fbad5db2.png?alt=media&token=87d94189-c77c-4756-a184-40cb60624fe9,Arqueiro,0,type-17fa1a27-7054-45a9-a8c8-ddb0b6fe4f07
https://firebasestorage.googleapis.com/v0/b/playingcardsio.appspot.com/o/24d054d3-508b-438e-bdd2-3b15ab373b3a.png?alt=media&token=3e6c5d52-a6cb-4437-8459-56d957a6e4c5,Golem,0,type-848447d0-069f-4bfe-907f-be0449e7184b
https://firebasestorage.googleapis.com/v0/b/playingcardsio.appspot.com/o/a96896ab-d314-4b25-973e-cd06b61e281a.png?alt=media&token=cffe23ab-b115-4eab-a6a1-f5cb4e666263,Rato,0,type-30b1ace9-7481-4381-b98c-55b3b5ab5432
https://firebasestorage.googleapis.com/v0/b/playingcardsio.appspot.com/o/60fe0965-7696-4e3b-aa7f-23ed4dd19d32.png?alt=media&token=ab6d178a-f2a3-4b50-9813-3d131f7ea853,Cachorro,0,type-9cc0a9c3-68e0-4b40-9b1c-0c5ae423ea53
https://firebasestorage.googleapis.com/v0/b/playingcardsio.appspot.com/o/cd22bf00-e701-476b-ad7b-fa8a3905f55f.png?alt=media&token=272bc065-a6b5-4dab-ac95-c76ff558d1e0,Cavalo,0,type-96a03a26-ec7f-40ec-a520-4fe511a19d50
https://firebasestorage.googleapis.com/v0/b/playingcardsio.appspot.com/o/654b8022-2c38-4006-9648-ecb36ace8af5.png?alt=media&token=317cc91e-a129-4209-885e-b34b65baaf5b,Escudeiro,0,type-5efa6ca9-2de3-482e-b898-40ac8442c542
https://firebasestorage.googleapis.com/v0/b/playingcardsio.appspot.com/o/5d782e85-e33a-4a9c-beeb-e987fadebbaa.png?alt=media&token=07672766-6567-44a4-b04a-57cef5e7e2d9,Goblin Sombrio,0,type-d127a78e-0499-427e-88fc-dd79ec8a9910
https://firebasestorage.googleapis.com/v0/b/playingcardsio.appspot.com/o/ff01812d-d10a-4ef4-ad15-87f7cb7b943c.png?alt=media&token=33b82116-2156-436c-b0bb-8d46a70f854e,Ladino,0,type-944237ee-698e-4464-959b-ccf8f31f2857
https://firebasestorage.googleapis.com/v0/b/playingcardsio.appspot.com/o/e2e25615-ed40-4216-9c82-1709b2c2f921.png?alt=media&token=0018b85c-91d7-40a2-8a9e-8b3961ab4c27,Enxame de Ratos,0,type-11e99c62-6031-452c-bece-2fe5e6862584
https://firebasestorage.googleapis.com/v0/b/playingcardsio.appspot.com/o/eccac63b-620c-47f6-9103-78bba9de6f50.png?alt=media&token=a78856a3-4c08-4129-a3a5-5b10f3f8f61c,Esqueleto,0,type-7a3ce9e1-8c4b-441e-b917-e05c2da9ea87
https://firebasestorage.googleapis.com/v0/b/playingcardsio.appspot.com/o/4e6d4df8-3a52-46cc-ba8e-bbad11c98f34.png?alt=media&token=3061bb59-24ae-40fa-9b7e-eac92d062b39,Palhaço,0,type-d456d86c-bd6b-4ff1-9aab-7e7f7a2a946e
https://firebasestorage.googleapis.com/v0/b/playingcardsio.appspot.com/o/7d1434c0-eb9d-401b-8b05-6d4eb8248cba.png?alt=media&token=d40d1b8e-9d6d-46de-9741-11fd583e7c35,Médico da Peste,0,type-31dc904b-49f8-486d-8280-3c2fbb32b7de
https://firebasestorage.googleapis.com/v0/b/playingcardsio.appspot.com/o/7d4b085e-51dd-407d-8d81-6bb4dcdd7cdc.png?alt=media&token=13a361b0-4cfc-43ac-a9cd-b935a6969715,Rebelde,0,type-159e7657-f798-4660-a826-3a701c3915a1
https://firebasestorage.googleapis.com/v0/b/playingcardsio.appspot.com/o/fb66379a-1b9c-443a-b88e-49e623f4fdf9.png?alt=media&token=ecfefb58-c5d5-432f-805b-0d05fca9a66d,Golém de água,0,type-6b5aa821-c709-48e8-8ace-4d3b75efb27d
https://firebasestorage.googleapis.com/v0/b/playingcardsio.appspot.com/o/54ca29d4-772a-46e9-b690-797d6e2e406c.png?alt=media&token=5ee2fccb-a130-4104-86a9-0c54814a7fb8,Piranha,0,type-84196750-850c-461f-aec0-7c10cafc8c50
https://firebasestorage.googleapis.com/v0/b/playingcardsio.appspot.com/o/d6d74aa7-0c34-4cb2-932f-c7b25037d36d.png?alt=media&token=8f2602f4-4b5f-4a08-b9c9-906434ddbead,Toupeira,0,type-65665821-dbd9-4ca9-851a-cd476f5f8cb0
https://firebasestorage.googleapis.com/v0/b/playingcardsio.appspot.com/o/5624504e-da8c-4344-ac6e-a7a3facf5aa0.png?alt=media&token=f4d85452-572d-4443-bd5b-4131a29d1f99,Arvore Lanukia,0,type-4a6d6045-6248-4cae-9d26-b1db123738fa
https://firebasestorage.googleapis.com/v0/b/playingcardsio.appspot.com/o/982f2851-287f-4bfc-9a88-a8be2a788c6e.png?alt=media&token=0ac062e8-496b-47ca-9de9-6922eed28cb0,Planta Carnívoro,0,type-7b0c9541-939d-4ec7-ba2f-6d845092c647
https://firebasestorage.googleapis.com/v0/b/playingcardsio.appspot.com/o/42daf6e1-4927-4595-b619-af622526f65e.png?alt=media&token=c798937c-df29-4ed6-90a4-2742c55a1034,Beija-flor de Fagniz,0,type-6f7997fa-5911-478b-ab82-bf1b0fae4378
https://firebasestorage.googleapis.com/v0/b/playingcardsio.appspot.com/o/b21a271b-c5e5-47bc-a79a-d7aac9088a4a.png?alt=media&token=142e3dcb-028c-48f3-af0a-3d39c14f2801,Salamandra,0,type-7df34ba0-aa21-4667-b6ad-678961704daa
https://firebasestorage.googleapis.com/v0/b/playingcardsio.appspot.com/o/7bf7b40b-a402-4016-b2f4-dcbf32bf74dc.png?alt=media&token=d2895d84-209d-453e-9e8b-87eb26b9748a,Cagado,0,type-dc3e63b1-8a1e-40b0-8c38-e334a485097b
https://firebasestorage.googleapis.com/v0/b/playingcardsio.appspot.com/o/19f30d02-bb03-40c8-a341-05bdc63028de.png?alt=media&token=6c7f6dda-489a-411b-be76-930618c0b99b,Dançarina das Chamas,0,type-0a0ed794-b154-48cb-8a69-6292b9ae2ec2
https://firebasestorage.googleapis.com/v0/b/playingcardsio.appspot.com/o/29209cfe-01dd-4dad-9b18-087a5098524b.png?alt=media&token=9e9a4fc4-42da-405d-a630-871eb4f54c81,Esqueleto em Chamas,0,type-22e900d3-07eb-4568-81f1-3c4d0de2fbfd
